doc_id,label,writer_id,topic,l1,proficiency,source,word_count_original,word_count,pred,seed
A.train:1-345961,non_native,WI_45767,,,A2,wi+locness,156,156,non_native,0
B.train:1-260586,non_native,WI_35798,,,B1,wi+locness,223,200,native,0
B.train:1-1758,non_native,WI_198,,,B2,wi+locness,257,200,non_native,0
B.train:5-2848196,non_native,WI_5a61302d-32d9-4c10-9e56-21be2a2b5daa,,,B1,wi+locness,194,194,non_native,0
B.train:1-40854,non_native,WI_2846,,,B2,wi+locness,200,200,non_native,0
B.train:1-92602,non_native,WI_15647,,,B1,wi+locness,144,144,non_native,0
C.train:1-49192,non_native,WI_2846,,,C2,wi+locness,628,200,native,0
C.train:1-18367,non_native,WI_2846,,,C1,wi+locness,237,200,non_native,0
C.train:1-299494,non_native,WI_39888,,,C2,wi+locness,186,186,non_native,0
C.train:1-52833,non_native,WI_9835,,,C1,wi+locness,179,179,native,0
C.train:1-157952,non_native,WI_23680,,,C1,wi+locness,303,200,native,0
N.dev:7-5819167,native,LOC_7-5819167,,ENG,native,wi+locness,522,200,native,0
N.dev:7-5819170,native,LOC_7-5819170,,ENG,native,wi+locness,497,200,native,0
N.dev:7-5819181,native,LOC_7-5819181,,ENG,native,wi+locness,353,200,native,0
N.dev:7-5819185,native,LOC_7-5819185,,ENG,native,wi+locness,481,200,native,0
N.dev:7-5819186,native,LOC_7-5819186,,ENG,native,wi+locness,518,200,native,0
N.dev:7-5819189,native,LOC_7-5819189,,ENG,native,wi+locness,540,200,native,0
N.dev:7-5819190,native,LOC_7-5819190,,ENG,native,wi+locness,492,200,native,0
N.dev:7-5819197,native,LOC_7-5819197,,ENG,native,wi+locness,272,200,native,0
N.dev:7-5819204,native,LOC_7-5819204,,ENG,native,wi+locness,392,200,native,0
N.dev:7-5819216,native,LOC_7-5819216,,ENG,native,wi+locness,502,200,native,0
A.train:1-71810,non_native,WI_12564,,,A2,wi+locness,257,200,non_native,1
A.train:1-310369,non_native,WI_41503,,,A1,wi+locness,132,132,non_native,1
A.train:1-235040,non_native,WI_33375,,,A2,wi+locness,343,200,native,1
B.dev:1-229693,non_native,WI_32721,,,B1,wi+locness,191,191,non_native,1
B.train:1-169274,non_native,WI_24896,,,B1,wi+locness,171,171,non_native,1
B.train:1-80895,non_native,WI_13795,,,B2,wi+locness,251,200,non_native,1
B.train:1-40854,non_native,WI_2846,,,B2,wi+locness,200,200,non_native,1
B.train:1-92602,non_native,WI_15647,,,B1,wi+locness,144,144,non_native,1
C.train:1-49192,non_native,WI_2846,,,C2,wi+locness,628,200,native,1
C.train:1-18367,non_native,WI_2846,,,C1,wi+locness,237,200,non_native,1
C.train:1-35532,non_native,WI_7042,,,C1,wi+locness,228,200,non_native,1
N.dev:7-5819167,native,LOC_7-5819167,,ENG,native,wi+locness,522,200,native,1
N.dev:7-5819168,native,LOC_7-5819168,,ENG,native,wi+locness,484,200,native,1
N.dev:7-5819178,native,LOC_7-5819178,,ENG,native,wi+locness,401,200,native,1
N.dev:7-5819180,native,LOC_7-5819180,,ENG,native,wi+locness,288,200,native,1
N.dev:7-5819191,native,LOC_7-5819191,,ENG,native,wi+locness,328,200,native,1
N.dev:7-5819194,native,LOC_7-5819194,,ENG,native,wi+locness,519,200,non_native,1
N.dev:7-5819195,native,LOC_7-5819195,,ENG,native,wi+locness,408,200,native,1
N.dev:7-5819199,native,LOC_7-5819199,,ENG,native,wi+locness,381,200,native,1
N.dev:7-5819200,native,LOC_7-5819200,,ENG,native,wi+locness,319,200,native,1
N.dev:7-5819208,native,LOC_7-5819208,,ENG,native,wi+locness,418,200,native,1
A.train:1-164628,non_native,WI_24501,,,A2,wi+locness,125,125,non_native,2
A.train:1-310369,non_native,WI_41503,,,A1,wi+locness,132,132,non_native,2
B.dev:1-101306,non_native,WI_12224,,,B1,wi+locness,306,200,non_native,2
B.train:1-21889,non_native,WI_4784,,,B1,wi+locness,140,140,non_native,2
B.train:1-21958,non_native,WI_4850,,,B2,wi+locness,170,170,non_native,2
B.train:1-40854,non_native,WI_2846,,,B2,wi+locness,200,200,non_native,2
C.train:1-49192,non_native,WI_2846,,,C2,wi+locness,628,200,native,2
C.train:1-18367,non_native,WI_2846,,,C1,wi+locness,237,200,non_native,2
C.train:1-347476,non_native,WI_26206,,,C1,wi+locness,185,185,non_native,2
C.train:1-147496,non_native,WI_14274,,,C2,wi+locness,193,193,non_native,2
C.train:1-335900,non_native,WI_44069,,,C2,wi+locness,294,200,native,2
N.dev:7-5819215,native,LOC_7-5819215,,ENG,native,wi+locness,357,200,native,2
N.dev:7-5819167,native,LOC_7-5819167,,ENG,native,wi+locness,522,200,native,2
N.dev:7-5819169,native,LOC_7-5819169,,ENG,native,wi+locness,528,200,native,2
N.dev:7-5819174,native,LOC_7-5819174,,ENG,native,wi+locness,357,200,native,2
N.dev:7-5819188,native,LOC_7-5819188,,ENG,native,wi+locness,493,200,native,2
N.dev:7-5819193,native,LOC_7-5819193,,ENG,native,wi+locness,448,200,native,2
N.dev:7-5819194,native,LOC_7-5819194,,ENG,native,wi+locness,519,200,non_native,2
N.dev:7-5819204,native,LOC_7-5819204,,ENG,native,wi+locness,392,200,native,2
N.dev:7-5819207,native,LOC_7-5819207,,ENG,native,wi+locness,407,200,native,2
N.dev:7-5819218,native,LOC_7-5819218,,ENG,native,wi+locness,481,200,native,2
A.train:1-71810,non_native,WI_12564,,,A2,wi+locness,257,200,non_native,3
A.train:1-274565,non_native,WI_37829,,,A2,wi+locness,148,148,non_native,3
A.train:1-310369,non_native,WI_41503,,,A1,wi+locness,132,132,non_native,3
A.train:1-203711,non_native,WI_29422,,,A2,wi+locness,219,200,non_native,3
B.train:1-260586,non_native,WI_35798,,,B1,wi+locness,223,200,native,3
B.train:1-227294,non_native,WI_32310,,,B1,wi+locness,195,195,non_native,3
B.train:1-40854,non_native,WI_2846,,,B2,wi+locness,200,200,non_native,3
C.train:1-49192,non_native,WI_2846,,,C2,wi+locness,628,200,native,3
C.train:1-18367,non_native,WI_2846,,,C1,wi+locness,237,200,non_native,3
C.train:1-89438,non_native,WI_14863,,,C1,wi+locness,498,200,native,3
C.train:1-335900,non_native,WI_44069,,,C2,wi+locness,294,200,native,3
N.dev:7-5819170,native,LOC_7-5819170,,ENG,native,wi+locness,497,200,native,3
N.dev:7-5819176,native,LOC_7-5819176,,ENG,native,wi+locness,216,200,native,3
N.dev:7-5819180,native,LOC_7-5819180,,ENG,native,wi+locness,288,200,native,3
N.dev:7-5819181,native,LOC_7-5819181,,ENG,native,wi+locness,353,200,native,3
N.dev:7-5819185,native,LOC_7-5819185,,ENG,native,wi+locness,481,200,native,3
N.dev:7-5819188,native,LOC_7-5819188,,ENG,native,wi+locness,493,200,native,3
N.dev:7-5819194,native,LOC_7-5819194,,ENG,native,wi+locness,519,200,non_native,3
N.dev:7-5819197,native,LOC_7-5819197,,ENG,native,wi+locness,272,200,native,3
N.dev:7-5819204,native,LOC_7-5819204,,ENG,native,wi+locness,392,200,native,3
N.dev:7-5819218,native,LOC_7-5819218,,ENG,native,wi+locness,481,200,native,3
A.dev:1-166835,non_native,WI_24605,,,A2,wi+locness,148,148,non_native,4
A.train:1-164628,non_native,WI_24501,,,A2,wi+locness,125,125,non_native,4
A.train:1-345961,non_native,WI_45767,,,A2,wi+locness,156,156,non_native,4
B.dev:1-101306,non_native,WI_12224,,,B1,wi+locness,306,200,non_native,4
B.train:1-60000,non_native,WI_10819,,,B2,wi+locness,359,200,non_native,4
B.train:1-1758,non_native,WI_198,,,B2,wi+locness,257,200,non_native,4
B.train:1-40854,non_native,WI_2846,,,B2,wi+locness,200,200,non_native,4
C.train:1-49192,non_native,WI_2846,,,C2,wi+locness,628,200,native,4
C.train:1-18367,non_native,WI_2846,,,C1,wi+locness,237,200,non_native,4
C.train:1-89438,non_native,WI_14863,,,C1,wi+locness,498,200,non_native,4
C.train:1-299494,non_native,WI_39888,,,C2,wi+locness,186,186,non_native,4
N.dev:7-5819171,native,LOC_7-5819171,,ENG,native,wi+locness,468,200,native,4
N.dev:7-5819178,native,LOC_7-5819178,,ENG,native,wi+locness,401,200,native,4
N.dev:7-5819180,native,LOC_7-5819180,,ENG,native,wi+locness,288,200,native,4
N.dev:7-5819181,native,LOC_7-5819181,,ENG,native,wi+locness,353,200,native,4
N.dev:7-5819183,native,LOC_7-5819183,,ENG,native,wi+locness,454,200,native,4
N.dev:7-5819195,native,LOC_7-5819195,,ENG,native,wi+locness,408,200,native,4
N.dev:7-5819199,native,LOC_7-5819199,,ENG,native,wi+locness,381,200,native,4
N.dev:7-5819205,native,LOC_7-5819205,,ENG,native,wi+locness,304,200,native,4
N.dev:7-5819209,native,LOC_7-5819209,,ENG,native,wi+locness,374,200,native,4
N.dev:7-5819210,native,LOC_7-5819210,,ENG,native,wi+locness,424,200,native,4
