exp_id,feature_set,model,split,variant,n_seeds,n_test_mean,accuracy_mean,accuracy_std,precision_macro_mean,precision_macro_std,recall_macro_mean,recall_macro_std,f1_macro_mean,f1_macro_std,roc_auc_mean,roc_auc_std,f1_native_mean,f1_native_std,f1_non_native_mean,f1_non_native_std,recall_native_mean,recall_native_std,recall_non_native_mean,recall_non_native_std,precision_native_mean,precision_native_std,precision_non_native_mean,precision_non_native_std,f1_ci_low_mean,f1_ci_low_std,f1_ci_high_mean,f1_ci_high_std,cv_f1_macro_mean,cv_f1_macro_std
B0,none,dummy,writer,,5,21.0,0.5238095238095238,0.0,0.2619047619047619,0.0,0.5,0.0,0.34375,0.0,0.5,0.0,0.0,0.0,0.6875,0.0,0.0,0.0,1.0,0.0,0.0,0.0,0.5238095238095238,0.0,0.24444444444444446,0.011111111111111117,0.42305180180180174,0.0076606048912427945,,
B1,length,lr,writer,,5,21.0,0.6857142857142857,0.06459361888690732,0.7879645191409897,0.04482971755899963,0.6990909090909091,0.061951727408730235,0.6610351696234049,0.07760819189199732,0.7181818181818181,0.07152413913734888,0.7498201058201058,0.043107448551280896,0.572250233426704,0.11503890024045853,0.9800000000000001,0.040000000000000015,0.41818181818181815,0.12331509060227759,0.6092623716153127,0.05456077730580277,0.9666666666666668,0.06666666666666661,0.43835921294541985,0.08939882374758125,0.854816004850975,0.05423729476326916,0.7140094383114978,0.022128561296155827
E1,handcrafted,lr,writer,,5,21.0,0.6952380952380952,0.07737179432986631,0.715952380952381,0.08098987615938444,0.6990909090909091,0.081077455060012,0.6880944741532977,0.08305720471395367,0.750909090909091,0.05032128182944744,0.6972085561497327,0.11849180629332481,0.6789803921568628,0.07070126027544855,0.78,0.19390719429665318,0.6181818181818182,0.1060173071790055,0.6461904761904762,0.06153000116271655,0.7857142857142857,0.11313352178543151,0.466982905982906,0.0969662087571534,0.8738090452046571,0.06522609488571054,0.7587257113371664,0.03228248789203082
E1,handcrafted,svm,writer,,5,21.0,0.6476190476190476,0.03809523809523808,0.6590484515484516,0.03456765914780784,0.6490909090909092,0.035138451072886705,0.6416666666666667,0.03967460238079355,0.7418181818181818,0.050321281829447395,0.6444444444444445,0.04444444444444443,0.638888888888889,0.07453559924999298,0.6799999999999999,0.11661903789690602,0.6181818181818182,0.14545454545454548,0.6308441558441558,0.06530414590532276,0.6872527472527473,0.0369178436898392,0.414274559178751,0.04099556504960493,0.8345168579672297,0.034663617613352,0.7452956183823056,0.037475304986602335
E2,char,lr,writer,,5,21.0,0.8476190476190476,0.06317380553057904,0.8627047952047953,0.05429698841496812,0.8518181818181818,0.06129457393104575,0.8463895245359776,0.06425501463057949,0.8945454545454545,0.0703239258393226,0.8565217391304347,0.055119144586630225,0.8362573099415205,0.07437788797825666,0.9400000000000001,0.04898979485566353,0.7636363636363637,0.1090909090909091,0.7904095904095904,0.078799334517647,0.9349999999999999,0.05385164807134503,0.6615801863842778,0.10695634975327495,0.9712981069273976,0.03821479358988485,0.8917151457074057,0.01464748497243256
E2,char,svm,writer,,5,21.0,0.838095238095238,0.0712696645099798,0.8480069930069931,0.06305363621282793,0.8418181818181818,0.06949641764951414,0.8372234935163997,0.07220347814639895,0.8981818181818181,0.05958534402972339,0.846376811594203,0.06261220098198192,0.8280701754385964,0.08220551378446114,0.9199999999999999,0.03999999999999999,0.7636363636363637,0.1090909090909091,0.786013986013986,0.08340168680210114,0.9099999999999999,0.04636809247747855,0.6490160838201752,0.11711163026620397,0.9705509209744504,0.03862025655155809,0.8840258753973924,0.02325276967021604
E3,combined,lr,writer,,5,21.0,0.7523809523809524,0.055532875189002795,0.7797727272727273,0.05076074164708377,0.7572727272727272,0.05367487061500187,0.7476265401265401,0.05907343961369734,0.8309090909090908,0.050321281829447444,0.7676556776556775,0.050857689508165625,0.7275974025974026,0.08024700207595759,0.86,0.10198039027185571,0.6545454545454545,0.133608531424537,0.7026623376623377,0.06865218090484872,0.8568831168831169,0.09206097695452117,0.5326616341845662,0.0794854351284489,0.9298005698005698,0.03971760196616008,0.819171654626763,0.023025429365070505
E3,combined,svm,writer,,5,21.0,0.7333333333333333,0.06459361888690732,0.7648232323232322,0.05985560201469517,0.739090909090909,0.06236390140415454,0.7271297232179584,0.06855535031693344,0.8145454545454545,0.06101076994750007,0.7547292707292707,0.055953754546782544,0.6995301757066462,0.09333051484969819,0.86,0.10198039027185571,0.6181818181818182,0.14545454545454548,0.6819696969696969,0.07625954907163912,0.8476767676767677,0.09542413068970512,0.5119092885056121,0.08683568020459556,0.9112717445952739,0.04838954251176369,0.8141057300113028,0.032877807189375434
E4,char,lr,document,document-random,5,21.0,0.9142857142857143,0.019047619047619074,0.9231002331002331,0.016827738151179435,0.9154545454545454,0.019834022026610373,0.9137590187590188,0.01932309864766802,0.9636363636363635,0.011499191491521408,0.911890331890332,0.021566688463211924,0.9156277056277056,0.01940649717121272,0.9400000000000001,0.07999999999999996,0.890909090909091,0.06803013430498071,0.8951515151515151,0.06140683103752891,0.951048951048951,0.06316973309446837,0.7743303897709606,0.03524718545483826,1.0,0.0,0.8745598800923877,0.019984815026838524
E4,char,lr,writer,writer-separated,5,21.0,0.8476190476190476,0.06317380553057904,0.8627047952047953,0.05429698841496812,0.8518181818181818,0.06129457393104575,0.8463895245359776,0.06425501463057949,0.8945454545454545,0.0703239258393226,0.8565217391304347,0.055119144586630225,0.8362573099415205,0.07437788797825666,0.9400000000000001,0.04898979485566353,0.7636363636363637,0.1090909090909091,0.7904095904095904,0.078799334517647,0.9349999999999999,0.05385164807134503,0.6615801863842778,0.10695634975327495,0.9712981069273976,0.03821479358988485,0.8917151457074057,0.01464748497243256
E4,char,svm,document,document-random,5,21.0,0.9142857142857143,0.019047619047619074,0.9231002331002331,0.016827738151179435,0.9154545454545454,0.019834022026610373,0.9137590187590188,0.01932309864766802,0.9618181818181817,0.017627926754241206,0.911890331890332,0.021566688463211924,0.9156277056277056,0.01940649717121272,0.9400000000000001,0.07999999999999996,0.890909090909091,0.06803013430498071,0.8951515151515151,0.06140683103752891,0.951048951048951,0.06316973309446837,0.7743303897709606,0.03524718545483826,1.0,0.0,0.8819707110914541,0.018727293053689475
E4,char,svm,writer,writer-separated,5,21.0,0.838095238095238,0.0712696645099798,0.8480069930069931,0.06305363621282793,0.8418181818181818,0.06949641764951414,0.8372234935163997,0.07220347814639895,0.8981818181818181,0.05958534402972339,0.846376811594203,0.06261220098198192,0.8280701754385964,0.08220551378446114,0.9199999999999999,0.03999999999999999,0.7636363636363637,0.1090909090909091,0.786013986013986,0.08340168680210114,0.9099999999999999,0.04636809247747855,0.6490160838201752,0.11711163026620397,0.9705509209744504,0.03862025655155809,0.8840258753973924,0.02325276967021604
E5,handcrafted,lr,writer,all groups,5,21.0,0.6952380952380952,0.07737179432986631,0.715952380952381,0.08098987615938444,0.6990909090909091,0.081077455060012,0.6880944741532977,0.08305720471395367,0.750909090909091,0.05032128182944744,0.6972085561497327,0.11849180629332481,0.6789803921568628,0.07070126027544855,0.78,0.19390719429665318,0.6181818181818182,0.1060173071790055,0.6461904761904762,0.06153000116271655,0.7857142857142857,0.11313352178543151,0.466982905982906,0.0969662087571534,0.8738090452046571,0.06522609488571054,0.7587257113371664,0.03228248789203082
E5,handcrafted,lr,writer,without sentence,5,21.0,0.6666666666666666,0.06734350297014736,0.6828274503274503,0.07661062533113021,0.6709090909090909,0.07015920502390817,0.6626684464785151,0.06816952861223129,0.7418181818181818,0.05823860864744356,0.6784515636918382,0.0887591665903762,0.6468853292651919,0.06111366977840509,0.76,0.14966629547095767,0.5818181818181818,0.07272727272727272,0.6197025197025197,0.050060858087097544,0.7459523809523809,0.1082367439632409,0.43087191026469523,0.08005507049363952,0.8458164480201276,0.05521352415756667,0.7902841654389642,0.026866661468687505
E5,handcrafted,lr,writer,without vocabulary,5,21.0,0.7047619047619047,0.07619047619047618,0.7166161616161617,0.08247344287064501,0.7081818181818182,0.07890783409137357,0.7024953688569249,0.0772190048879047,0.7781818181818181,0.04831029183849605,0.7098180233191675,0.0971429188459413,0.6951727143946823,0.06236712584449005,0.78,0.1469693845669907,0.6363636363636364,0.05749595745760695,0.6565656565656566,0.06237530720528762,0.7766666666666666,0.10767750203475396,0.48826683006535954,0.09265860618346956,0.8747358325173152,0.06449991237624605,0.7587373826723672,0.034380665553088705
E5,handcrafted,lr,writer,without function_words,5,21.0,0.7238095238095238,0.10168645954315535,0.7491239316239315,0.09767375189246878,0.7290909090909091,0.09827436715476431,0.7168877848344801,0.10698742369941498,0.7363636363636363,0.07474474469488894,0.7469231444883618,0.0755468594642078,0.6868524251805985,0.14298845914494604,0.8400000000000001,0.10198039027185571,0.6181818181818182,0.19412869549147838,0.6888461538461538,0.12139583755389192,0.8094017094017094,0.10944176617100251,0.5108666333666333,0.11512031271463162,0.8940566997203152,0.0826521416327376,0.7531530425199155,0.030997695109169984
E5,handcrafted,lr,writer,without pos,5,21.0,0.6666666666666666,0.03011693009684175,0.6768270618270618,0.026071277554259763,0.6709090909090909,0.028834093685734058,0.664339273744308,0.03248014053361789,0.7472727272727273,0.05282123289575984,0.6845849802371541,0.024116071016911832,0.6440935672514619,0.04927517444508069,0.76,0.048989794855663606,0.5818181818181818,0.07272727272727275,0.6252414252414252,0.031484719225905386,0.7284126984126984,0.030715003477934655,0.43073446668274257,0.03540063720209439,0.846747897411513,0.0188353038633744,0.7514820403195015,0.025226419966916692
E5,handcrafted,lr,writer,without punctuation,5,21.0,0.6476190476190476,0.04856209060564559,0.67,0.06199860611734611,0.6527272727272727,0.05203304735001526,0.6415118393519255,0.04804363692840064,0.7218181818181818,0.03708377828067474,0.6659904306220096,0.07742911515640603,0.6170332480818415,0.042194249074105884,0.76,0.1496662954709577,0.5454545454545455,0.08131156281817419,0.6011111111111112,0.03658239474034292,0.7388888888888889,0.09875771574795099,0.40790570540570537,0.05765876049117905,0.8350246998182117,0.047944720595132516,0.7612443041994126,0.03665815955111418
