exp_id,feature_set,model,split,variant,seed,n_train,n_test,train_writers,test_writers,cv_f1_macro,f1_ci_low,f1_ci_high,params,accuracy,precision_macro,recall_macro,f1_macro,precision_native,recall_native,f1_native,precision_non_native,recall_non_native,f1_non_native,roc_auc,confusion_matrix
B0,none,dummy,writer,,0,82,21,81,19,,0.25,0.43243243243243246,{},0.5238095238095238,0.2619047619047619,0.5,0.34375,0.0,0.0,0.0,0.5238095238095238,1.0,0.6875,0.5,"[[0, 10], [0, 11]]"
B0,none,dummy,writer,,1,82,21,81,19,,0.25,0.4170608108108105,{},0.5238095238095238,0.2619047619047619,0.5,0.34375,0.0,0.0,0.0,0.5238095238095238,1.0,0.6875,0.5,"[[0, 10], [0, 11]]"
B0,none,dummy,writer,,2,82,21,81,19,,0.25,0.4166666666666667,{},0.5238095238095238,0.2619047619047619,0.5,0.34375,0.0,0.0,0.0,0.5238095238095238,1.0,0.6875,0.5,"[[0, 10], [0, 11]]"
B0,none,dummy,writer,,3,82,21,81,19,,0.2222222222222222,0.43243243243243246,{},0.5238095238095238,0.2619047619047619,0.5,0.34375,0.0,0.0,0.0,0.5238095238095238,1.0,0.6875,0.5,"[[0, 10], [0, 11]]"
B0,none,dummy,writer,,4,82,21,81,19,,0.25,0.4166666666666667,{},0.5238095238095238,0.2619047619047619,0.5,0.34375,0.0,0.0,0.0,0.5238095238095238,1.0,0.6875,0.5,"[[0, 10], [0, 11]]"
B1,length,lr,writer,,0,82,21,81,19,0.6882397736422504,0.4296296296296296,0.851764705882353,{'clf__C': 1},0.6666666666666666,0.7166666666666667,0.6772727272727272,0.6541176470588235,0.6,0.9,0.72,0.8333333333333334,0.45454545454545453,0.5882352941176471,0.6318181818181818,"[[9, 1], [6, 5]]"
B1,length,lr,writer,,1,82,21,81,19,0.7059873605926237,0.39985576923076926,0.8328912466843501,{'clf__C': 10},0.6666666666666666,0.7941176470588236,0.6818181818181819,0.6370370370370371,0.5882352941176471,1.0,0.7407407407407407,1.0,0.36363636363636365,0.5333333333333333,0.6636363636363637,"[[10, 0], [7, 4]]"
B1,length,lr,writer,,2,82,21,81,19,0.7021490789911843,0.6111111111111112,0.9519450800915332,{'clf__C': 10},0.8095238095238095,0.8571428571428572,0.8181818181818181,0.8055555555555556,0.7142857142857143,1.0,0.8333333333333334,1.0,0.6363636363636364,0.7777777777777778,0.8136363636363636,"[[10, 0], [4, 7]]"
B1,length,lr,writer,,3,82,21,81,19,0.7532246846720531,0.3571428571428571,0.7857142857142857,{'clf__C': 1},0.6190476190476191,0.7777777777777778,0.6363636363636364,0.5714285714285714,0.5555555555555556,1.0,0.7142857142857143,1.0,0.2727272727272727,0.42857142857142855,0.7909090909090909,"[[10, 0], [8, 3]]"
B1,length,lr,writer,,4,82,21,81,19,0.7204462936593775,0.3940566976127321,0.851764705882353,{'clf__C': 1},0.6666666666666666,0.7941176470588236,0.6818181818181819,0.6370370370370371,0.5882352941176471,1.0,0.7407407407407407,1.0,0.36363636363636365,0.5333333333333333,0.6909090909090909,"[[10, 0], [7, 4]]"
E1,handcrafted,lr,writer,,0,82,21,81,19,0.7763888888888889,0.475,0.9027777777777777,{'clf__C': 0.1},0.7142857142857143,0.75,0.7227272727272727,0.7083333333333333,0.6428571428571429,0.9,0.75,0.8571428571428571,0.5454545454545454,0.6666666666666666,0.7181818181818183,"[[9, 1], [5, 6]]"
E1,handcrafted,lr,writer,,1,82,21,81,19,0.753815676067998,0.4951923076923077,0.9027777777777777,{'clf__C': 0.01},0.7142857142857143,0.7222222222222222,0.7181818181818183,0.7136363636363636,0.6666666666666666,0.8,0.7272727272727273,0.7777777777777778,0.6363636363636364,0.7,0.7818181818181819,"[[8, 2], [4, 7]]"
E1,handcrafted,lr,writer,,2,82,21,81,19,0.7924486461251167,0.3194444444444444,0.7597798844938433,{'clf__C': 1},0.5714285714285714,0.5714285714285714,0.5636363636363637,0.5552941176470588,0.5714285714285714,0.4,0.47058823529411764,0.5714285714285714,0.7272727272727273,0.64,0.7454545454545454,"[[4, 6], [3, 8]]"
E1,handcrafted,lr,writer,,3,82,21,81,19,0.7719393506390411,0.42727272727272725,0.851764705882353,{'clf__C': 0.01},0.6666666666666666,0.7166666666666667,0.6772727272727272,0.6541176470588235,0.6,0.9,0.72,0.8333333333333334,0.45454545454545453,0.5882352941176471,0.6818181818181819,"[[9, 1], [6, 5]]"
E1,handcrafted,lr,writer,,4,82,21,81,19,0.6990359949647875,0.6180050505050505,0.9519450800915332,{'clf__C': 0.1},0.8095238095238095,0.8194444444444444,0.8136363636363637,0.8090909090909091,0.75,0.9,0.8181818181818182,0.8888888888888888,0.7272727272727273,0.8,0.8272727272727273,"[[9, 1], [3, 8]]"
E1,handcrafted,svm,writer,,0,82,21,81,19,0.7645424836601308,0.38726790450928383,0.8090909090909091,{'clf__estimator__C': 0.01},0.6190476190476191,0.6428571428571428,0.6272727272727273,0.6111111111111112,0.5714285714285714,0.8,0.6666666666666666,0.7142857142857143,0.45454545454545453,0.5555555555555556,0.7,"[[8, 2], [6, 5]]"
E1,handcrafted,svm,writer,,1,82,21,81,19,0.7406536609245588,0.47139588100686497,0.8930116758241756,{'clf__estimator__C': 0.01},0.7142857142857143,0.7211538461538461,0.7090909090909091,0.7083333333333333,0.75,0.6,0.6666666666666666,0.6923076923076923,0.8181818181818182,0.75,0.7818181818181817,"[[6, 4], [2, 9]]"
E1,handcrafted,svm,writer,,2,82,21,81,19,0.7924486461251167,0.37528604118993136,0.8055555555555556,{'clf__estimator__C': 1},0.6190476190476191,0.6201923076923077,0.6136363636363636,0.6111111111111112,0.625,0.5,0.5555555555555556,0.6153846153846154,0.7272727272727273,0.6666666666666666,0.7454545454545454,"[[5, 5], [3, 8]]"
E1,handcrafted,svm,writer,,3,82,21,81,19,0.7497689737163421,0.38095238095238093,0.8090909090909091,{'clf__estimator__C': 0.01},0.6190476190476191,0.6428571428571428,0.6272727272727273,0.6111111111111112,0.5714285714285714,0.8,0.6666666666666666,0.7142857142857143,0.45454545454545453,0.5555555555555556,0.6727272727272728,"[[8, 2], [6, 5]]"
E1,handcrafted,svm,writer,,4,82,21,81,19,0.6790643274853801,0.4564705882352942,0.8558352402745995,{'clf__estimator__C': 10},0.6666666666666666,0.6681818181818182,0.6681818181818182,0.6666666666666666,0.6363636363636364,0.7,0.6666666666666666,0.7,0.6363636363636364,0.6666666666666666,0.8090909090909091,"[[7, 3], [4, 7]]"
E2,char,lr,writer,,0,82,21,81,19,0.9011666420954347,0.5961538461538461,0.9519450800915332,"{'clf__C': 10, 'features__analyzer': 'char'}",0.8095238095238095,0.8571428571428572,0.8181818181818181,0.8055555555555556,0.7142857142857143,1.0,0.8333333333333334,1.0,0.6363636363636364,0.7777777777777778,0.9363636363636364,"[[10, 0], [4, 7]]"
E2,char,lr,writer,,1,82,21,81,19,0.9034640522875816,0.6665903890160183,1.0,"{'clf__C': 10, 'features__analyzer': 'char'}",0.8571428571428571,0.8590909090909091,0.8590909090909091,0.8571428571428571,0.8181818181818182,0.9,0.8571428571428571,0.9,0.8181818181818182,0.8571428571428571,0.9272727272727272,"[[9, 1], [2, 9]]"
E2,char,lr,writer,,2,82,21,81,19,0.8889122315592903,0.6782738095238096,1.0,"{'clf__C': 1, 'features__analyzer': 'char'}",0.8571428571428571,0.8590909090909091,0.8590909090909091,0.8571428571428571,0.8181818181818182,0.9,0.8571428571428571,0.9,0.8181818181818182,0.8571428571428571,0.8636363636363635,"[[9, 1], [2, 9]]"
E2,char,lr,writer,,3,82,21,81,19,0.9007959850606909,0.5227272727272727,0.9045454545454545,"{'clf__C': 1, 'features__analyzer': 'char'}",0.7619047619047619,0.7836538461538461,0.7681818181818182,0.7597254004576659,0.6923076923076923,0.9,0.782608695652174,0.875,0.6363636363636364,0.7368421052631579,0.7727272727272727,"[[9, 1], [4, 7]]"
E2,char,lr,writer,,4,82,21,81,19,0.864236817534031,0.8441556145004421,1.0,"{'clf__C': 1, 'features__analyzer': 'char_wb'}",0.9523809523809523,0.9545454545454546,0.9545454545454546,0.9523809523809523,0.9090909090909091,1.0,0.9523809523809523,1.0,0.9090909090909091,0.9523809523809523,0.9727272727272727,"[[10, 0], [1, 10]]"
E2,char,svm,writer,,0,82,21,81,19,0.8880462184873951,0.5333333333333333,0.9482091503267973,"{'clf__estimator__C': 0.01, 'features__analyzer': 'char_wb'}",0.7619047619047619,0.7836538461538461,0.7681818181818182,0.7597254004576659,0.6923076923076923,0.9,0.782608695652174,0.875,0.6363636363636364,0.7368421052631579,0.9090909090909091,"[[9, 1], [4, 7]]"
E2,char,svm,writer,,1,82,21,81,19,0.9034640522875816,0.6665903890160183,1.0,"{'clf__estimator__C': 1, 'features__analyzer': 'char_wb'}",0.8571428571428571,0.8590909090909091,0.8590909090909091,0.8571428571428571,0.8181818181818182,0.9,0.8571428571428571,0.9,0.8181818181818182,0.8571428571428571,0.9454545454545454,"[[9, 1], [2, 9]]"
E2,char,svm,writer,,2,82,21,81,19,0.9008394855918075,0.6782738095238096,1.0,"{'clf__estimator__C': 0.01, 'features__analyzer': 'char'}",0.8571428571428571,0.8590909090909091,0.8590909090909091,0.8571428571428571,0.8181818181818182,0.9,0.8571428571428571,0.9,0.8181818181818182,0.8571428571428571,0.8545454545454545,"[[9, 1], [2, 9]]"
E2,char,svm,writer,,3,82,21,81,19,0.888545751633987,0.5227272727272727,0.9045454545454545,"{'clf__estimator__C': 0.1, 'features__analyzer': 'char_wb'}",0.7619047619047619,0.7836538461538461,0.7681818181818182,0.7597254004576659,0.6923076923076923,0.9,0.782608695652174,0.875,0.6363636363636364,0.7368421052631579,0.8090909090909091,"[[9, 1], [4, 7]]"
E2,char,svm,writer,,4,82,21,81,19,0.839233868986191,0.8441556145004421,1.0,"{'clf__estimator__C': 1, 'features__analyzer': 'char_wb'}",0.9523809523809523,0.9545454545454546,0.9545454545454546,0.9523809523809523,0.9090909090909091,1.0,0.9523809523809523,1.0,0.9090909090909091,0.9523809523809523,0.9727272727272727,"[[10, 0], [1, 10]]"
E3,combined,lr,writer,,0,82,21,81,19,0.8383496732026143,0.46409033613445383,0.8990384615384616,"{'clf__C': 10, 'features__char__analyzer': 'char_wb', 'features__transformer_weights': {'handcrafted': 0.1, 'char': 1.0}}",0.7142857142857143,0.8125,0.7272727272727273,0.6971153846153846,0.625,1.0,0.7692307692307693,1.0,0.45454545454545453,0.625,0.8454545454545455,"[[10, 0], [6, 5]]"
E3,combined,lr,writer,,1,82,21,81,19,0.8177124183006537,0.5548308823529412,0.9481481481481482,"{'clf__C': 0.1, 'features__char__analyzer': 'char_wb', 'features__transformer_weights': {'handcrafted': 0.1, 'char': 1.0}}",0.7619047619047619,0.7636363636363637,0.7636363636363637,0.7619047619047619,0.7272727272727273,0.8,0.7619047619047619,0.8,0.7272727272727273,0.7619047619047619,0.8363636363636364,"[[8, 2], [3, 8]]"
E3,combined,lr,writer,,2,82,21,81,19,0.8392390289449114,0.49471726190476195,0.9027777777777777,"{'clf__C': 10, 'features__char__analyzer': 'char', 'features__transformer_weights': {'handcrafted': 0.1, 'char': 1.0}}",0.7142857142857143,0.7136363636363636,0.7136363636363636,0.7136363636363636,0.7,0.7,0.7,0.7272727272727273,0.7272727272727273,0.7272727272727273,0.8090909090909091,"[[7, 3], [3, 8]]"
E3,combined,lr,writer,,3,82,21,81,19,0.8244066709004789,0.47139588100686497,0.8990384615384616,"{'clf__C': 10, 'features__char__analyzer': 'char_wb', 'features__transformer_weights': {'handcrafted': 0.1, 'char': 1.0}}",0.7142857142857143,0.75,0.7227272727272727,0.7083333333333333,0.6428571428571429,0.9,0.75,0.8571428571428571,0.5454545454545454,0.6666666666666666,0.7545454545454545,"[[9, 1], [5, 6]]"
E3,combined,lr,writer,,4,82,21,81,19,0.7761504817851567,0.6782738095238096,1.0,"{'clf__C': 10, 'features__char__analyzer': 'char_wb', 'features__transformer_weights': {'handcrafted': 0.1, 'char': 1.0}}",0.8571428571428571,0.8590909090909091,0.8590909090909091,0.8571428571428571,0.8181818181818182,0.9,0.8571428571428571,0.9,0.8181818181818182,0.8571428571428571,0.9090909090909091,"[[9, 1], [2, 9]]"
E3,combined,svm,writer,,0,82,21,81,19,0.8261713106295149,0.46409033613445383,0.8990384615384616,"{'clf__estimator__C': 0.1, 'features__char__analyzer': 'char_wb', 'features__transformer_weights': {'handcrafted': 0.1, 'char': 1.0}}",0.7142857142857143,0.8125,0.7272727272727273,0.6971153846153846,0.625,1.0,0.7692307692307693,1.0,0.45454545454545453,0.625,0.7818181818181817,"[[10, 0], [6, 5]]"
E3,combined,svm,writer,,1,82,21,81,19,0.8168160597572361,0.4951923076923077,0.9027777777777777,"{'clf__estimator__C': 0.01, 'features__char__analyzer': 'char_wb', 'features__transformer_weights': {'handcrafted': 0.1, 'char': 1.0}}",0.7142857142857143,0.7222222222222222,0.7181818181818183,0.7136363636363636,0.6666666666666666,0.8,0.7272727272727273,0.7777777777777778,0.6363636363636364,0.7,0.8363636363636364,"[[8, 2], [4, 7]]"
E3,combined,svm,writer,,2,82,21,81,19,0.8392390289449114,0.49471726190476195,0.9027777777777777,"{'clf__estimator__C': 1, 'features__char__analyzer': 'char', 'features__transformer_weights': {'handcrafted': 0.1, 'char': 1.0}}",0.7142857142857143,0.7136363636363636,0.7136363636363636,0.7136363636363636,0.7,0.7,0.7,0.7272727272727273,0.7272727272727273,0.7272727272727273,0.7999999999999999,"[[7, 3], [3, 8]]"
E3,combined,svm,writer,,3,82,21,81,19,0.8378762422647872,0.42727272727272725,0.851764705882353,"{'clf__estimator__C': 1, 'features__char__analyzer': 'char_wb', 'features__transformer_weights': {'handcrafted': 0.1, 'char': 1.0}}",0.6666666666666666,0.7166666666666667,0.6772727272727272,0.6541176470588235,0.6,0.9,0.72,0.8333333333333334,0.45454545454545453,0.5882352941176471,0.7363636363636363,"[[9, 1], [6, 5]]"
E3,combined,svm,writer,,4,82,21,81,19,0.7504260084600641,0.6782738095238096,1.0,"{'clf__estimator__C': 10, 'features__char__analyzer': 'char_wb', 'features__transformer_weights': {'handcrafted': 0.1, 'char': 1.0}}",0.8571428571428571,0.8590909090909091,0.8590909090909091,0.8571428571428571,0.8181818181818182,0.9,0.8571428571428571,0.9,0.8181818181818182,0.8571428571428571,0.9181818181818181,"[[9, 1], [2, 9]]"
E4,char,lr,document,document-random,0,82,21,80,21,0.8390669074647403,0.8444444444444444,1.0,"{'clf__C': 1, 'features__analyzer': 'char'}",0.9523809523809523,0.9545454545454546,0.9545454545454546,0.9523809523809523,0.9090909090909091,1.0,0.9523809523809523,1.0,0.9090909090909091,0.9523809523809523,0.9727272727272727,"[[10, 0], [1, 10]]"
E4,char,lr,document,document-random,1,82,21,79,21,0.9011928104575164,0.7529411764705882,1.0,"{'clf__C': 1, 'features__analyzer': 'char'}",0.9047619047619048,0.9045454545454545,0.9045454545454545,0.9045454545454545,0.9,0.9,0.9,0.9090909090909091,0.9090909090909091,0.9090909090909091,0.9454545454545453,"[[9, 1], [1, 10]]"
E4,char,lr,document,document-random,2,82,21,79,21,0.8765102707749766,0.752636165577342,1.0,"{'clf__C': 10, 'features__analyzer': 'char_wb'}",0.9047619047619048,0.9230769230769231,0.9,0.9027777777777777,1.0,0.8,0.8888888888888888,0.8461538461538461,1.0,0.9166666666666666,0.9727272727272727,"[[8, 2], [0, 11]]"
E4,char,lr,document,document-random,3,82,21,82,20,0.8783496732026144,0.7619047619047619,1.0,"{'clf__C': 1, 'features__analyzer': 'char'}",0.9047619047619048,0.9166666666666667,0.9090909090909092,0.9045454545454545,0.8333333333333334,1.0,0.9090909090909091,1.0,0.8181818181818182,0.9,0.9545454545454545,"[[10, 0], [2, 9]]"
E4,char,lr,document,document-random,4,82,21,79,21,0.8776797385620915,0.7597254004576659,1.0,"{'clf__C': 1, 'features__analyzer': 'char'}",0.9047619047619048,0.9166666666666667,0.9090909090909092,0.9045454545454545,0.8333333333333334,1.0,0.9090909090909091,1.0,0.8181818181818182,0.9,0.9727272727272727,"[[10, 0], [2, 9]]"
E4,char,lr,writer,writer-separated,0,82,21,81,19,0.9011666420954347,0.5961538461538461,0.9519450800915332,"{'clf__C': 10, 'features__analyzer': 'char'}",0.8095238095238095,0.8571428571428572,0.8181818181818181,0.8055555555555556,0.7142857142857143,1.0,0.8333333333333334,1.0,0.6363636363636364,0.7777777777777778,0.9363636363636364,"[[10, 0], [4, 7]]"
E4,char,lr,writer,writer-separated,1,82,21,81,19,0.9034640522875816,0.6665903890160183,1.0,"{'clf__C': 10, 'features__analyzer': 'char'}",0.8571428571428571,0.8590909090909091,0.8590909090909091,0.8571428571428571,0.8181818181818182,0.9,0.8571428571428571,0.9,0.8181818181818182,0.8571428571428571,0.9272727272727272,"[[9, 1], [2, 9]]"
E4,char,lr,writer,writer-separated,2,82,21,81,19,0.8889122315592903,0.6782738095238096,1.0,"{'clf__C': 1, 'features__analyzer': 'char'}",0.8571428571428571,0.8590909090909091,0.8590909090909091,0.8571428571428571,0.8181818181818182,0.9,0.8571428571428571,0.9,0.8181818181818182,0.8571428571428571,0.8636363636363635,"[[9, 1], [2, 9]]"
E4,char,lr,writer,writer-separated,3,82,21,81,19,0.9007959850606909,0.5227272727272727,0.9045454545454545,"{'clf__C': 1, 'features__analyzer': 'char'}",0.7619047619047619,0.7836538461538461,0.7681818181818182,0.7597254004576659,0.6923076923076923,0.9,0.782608695652174,0.875,0.6363636363636364,0.7368421052631579,0.7727272727272727,"[[9, 1], [4, 7]]"
E4,char,lr,writer,writer-separated,4,82,21,81,19,0.864236817534031,0.8441556145004421,1.0,"{'clf__C': 1, 'features__analyzer': 'char_wb'}",0.9523809523809523,0.9545454545454546,0.9545454545454546,0.9523809523809523,0.9090909090909091,1.0,0.9523809523809523,1.0,0.9090909090909091,0.9523809523809523,0.9727272727272727,"[[10, 0], [1, 10]]"
E4,char,svm,document,document-random,0,82,21,80,21,0.8515178878568973,0.8444444444444444,1.0,"{'clf__estimator__C': 1, 'features__analyzer': 'char'}",0.9523809523809523,0.9545454545454546,0.9545454545454546,0.9523809523809523,0.9090909090909091,1.0,0.9523809523809523,1.0,0.9090909090909091,0.9523809523809523,0.9727272727272727,"[[10, 0], [1, 10]]"
E4,char,svm,document,document-random,1,82,21,79,21,0.9007959850606909,0.7529411764705882,1.0,"{'clf__estimator__C': 1, 'features__analyzer': 'char'}",0.9047619047619048,0.9045454545454545,0.9045454545454545,0.9045454545454545,0.9,0.9,0.9,0.9090909090909091,0.9090909090909091,0.9090909090909091,0.9454545454545454,"[[9, 1], [1, 10]]"
E4,char,svm,document,document-random,2,82,21,79,21,0.8765102707749766,0.752636165577342,1.0,"{'clf__estimator__C': 1, 'features__analyzer': 'char_wb'}",0.9047619047619048,0.9230769230769231,0.9,0.9027777777777777,1.0,0.8,0.8888888888888888,0.8461538461538461,1.0,0.9166666666666666,0.9727272727272727,"[[8, 2], [0, 11]]"
E4,char,svm,document,document-random,3,82,21,82,20,0.8783496732026144,0.7619047619047619,1.0,"{'clf__estimator__C': 0.01, 'features__analyzer': 'char'}",0.9047619047619048,0.9166666666666667,0.9090909090909092,0.9045454545454545,0.8333333333333334,1.0,0.9090909090909091,1.0,0.8181818181818182,0.9,0.9363636363636363,"[[10, 0], [2, 9]]"
E4,char,svm,document,document-random,4,82,21,79,21,0.9026797385620915,0.7597254004576659,1.0,"{'clf__estimator__C': 0.01, 'features__analyzer': 'char'}",0.9047619047619048,0.9166666666666667,0.9090909090909092,0.9045454545454545,0.8333333333333334,1.0,0.9090909090909091,1.0,0.8181818181818182,0.9,0.9818181818181818,"[[10, 0], [2, 9]]"
E4,char,svm,writer,writer-separated,0,82,21,81,19,0.8880462184873951,0.5333333333333333,0.9482091503267973,"{'clf__estimator__C': 0.01, 'features__analyzer': 'char_wb'}",0.7619047619047619,0.7836538461538461,0.7681818181818182,0.7597254004576659,0.6923076923076923,0.9,0.782608695652174,0.875,0.6363636363636364,0.7368421052631579,0.9090909090909091,"[[9, 1], [4, 7]]"
E4,char,svm,writer,writer-separated,1,82,21,81,19,0.9034640522875816,0.6665903890160183,1.0,"{'clf__estimator__C': 1, 'features__analyzer': 'char_wb'}",0.8571428571428571,0.8590909090909091,0.8590909090909091,0.8571428571428571,0.8181818181818182,0.9,0.8571428571428571,0.9,0.8181818181818182,0.8571428571428571,0.9454545454545454,"[[9, 1], [2, 9]]"
E4,char,svm,writer,writer-separated,2,82,21,81,19,0.9008394855918075,0.6782738095238096,1.0,"{'clf__estimator__C': 0.01, 'features__analyzer': 'char'}",0.8571428571428571,0.8590909090909091,0.8590909090909091,0.8571428571428571,0.8181818181818182,0.9,0.8571428571428571,0.9,0.8181818181818182,0.8571428571428571,0.8545454545454545,"[[9, 1], [2, 9]]"
E4,char,svm,writer,writer-separated,3,82,21,81,19,0.888545751633987,0.5227272727272727,0.9045454545454545,"{'clf__estimator__C': 0.1, 'features__analyzer': 'char_wb'}",0.7619047619047619,0.7836538461538461,0.7681818181818182,0.7597254004576659,0.6923076923076923,0.9,0.782608695652174,0.875,0.6363636363636364,0.7368421052631579,0.8090909090909091,"[[9, 1], [4, 7]]"
E4,char,svm,writer,writer-separated,4,82,21,81,19,0.839233868986191,0.8441556145004421,1.0,"{'clf__estimator__C': 1, 'features__analyzer': 'char_wb'}",0.9523809523809523,0.9545454545454546,0.9545454545454546,0.9523809523809523,0.9090909090909091,1.0,0.9523809523809523,1.0,0.9090909090909091,0.9523809523809523,0.9727272727272727,"[[10, 0], [1, 10]]"
E5,handcrafted,lr,writer,all groups,0,82,21,81,19,0.7763888888888889,0.475,0.9027777777777777,{'clf__C': 0.1},0.7142857142857143,0.75,0.7227272727272727,0.7083333333333333,0.6428571428571429,0.9,0.75,0.8571428571428571,0.5454545454545454,0.6666666666666666,0.7181818181818183,"[[9, 1], [5, 6]]"
E5,handcrafted,lr,writer,all groups,1,82,21,81,19,0.753815676067998,0.4951923076923077,0.9027777777777777,{'clf__C': 0.01},0.7142857142857143,0.7222222222222222,0.7181818181818183,0.7136363636363636,0.6666666666666666,0.8,0.7272727272727273,0.7777777777777778,0.6363636363636364,0.7,0.7818181818181819,"[[8, 2], [4, 7]]"
E5,handcrafted,lr,writer,all groups,2,82,21,81,19,0.7924486461251167,0.3194444444444444,0.7597798844938433,{'clf__C': 1},0.5714285714285714,0.5714285714285714,0.5636363636363637,0.5552941176470588,0.5714285714285714,0.4,0.47058823529411764,0.5714285714285714,0.7272727272727273,0.64,0.7454545454545454,"[[4, 6], [3, 8]]"
E5,handcrafted,lr,writer,all groups,3,82,21,81,19,0.7719393506390411,0.42727272727272725,0.851764705882353,{'clf__C': 0.01},0.6666666666666666,0.7166666666666667,0.6772727272727272,0.6541176470588235,0.6,0.9,0.72,0.8333333333333334,0.45454545454545453,0.5882352941176471,0.6818181818181819,"[[9, 1], [6, 5]]"
E5,handcrafted,lr,writer,all groups,4,82,21,81,19,0.6990359949647875,0.6180050505050505,0.9519450800915332,{'clf__C': 0.1},0.8095238095238095,0.8194444444444444,0.8136363636363637,0.8090909090909091,0.75,0.9,0.8181818181818182,0.8888888888888888,0.7272727272727273,0.8,0.8272727272727273,"[[9, 1], [3, 8]]"
E5,handcrafted,lr,writer,without sentence,0,82,21,81,19,0.8010854341736694,0.47139588100686497,0.8990384615384616,{'clf__C': 0.01},0.7142857142857143,0.75,0.7227272727272727,0.7083333333333333,0.6428571428571429,0.9,0.75,0.8571428571428571,0.5454545454545454,0.6666666666666666,0.709090909090909,"[[9, 1], [5, 6]]"
E5,handcrafted,lr,writer,without sentence,1,82,21,81,19,0.7779496629961026,0.42727272727272725,0.8558352402745995,{'clf__C': 0.01},0.6666666666666666,0.6681818181818182,0.6681818181818182,0.6666666666666666,0.6363636363636364,0.7,0.6666666666666666,0.7,0.6363636363636364,0.6666666666666666,0.7727272727272727,"[[7, 3], [4, 7]]"
E5,handcrafted,lr,writer,without sentence,2,82,21,81,19,0.8278244631185808,0.3194444444444444,0.7597254004576659,{'clf__C': 0.1},0.5714285714285714,0.5694444444444444,0.5681818181818181,0.5675057208237986,0.5555555555555556,0.5,0.5263157894736842,0.5833333333333334,0.6363636363636364,0.6086956521739131,0.7454545454545455,"[[5, 5], [4, 7]]"
E5,handcrafted,lr,writer,without sentence,3,82,21,81,19,0.7976060343165606,0.38095238095238093,0.8090909090909091,{'clf__C': 0.01},0.6190476190476191,0.6428571428571428,0.6272727272727273,0.6111111111111112,0.5714285714285714,0.8,0.6666666666666666,0.7142857142857143,0.45454545454545453,0.5555555555555556,0.6545454545454545,"[[8, 2], [6, 5]]"
E5,handcrafted,lr,writer,without sentence,4,82,21,81,19,0.7469552325899075,0.5552941176470588,0.9053922287390022,{'clf__C': 0.1},0.7619047619047619,0.7836538461538461,0.7681818181818182,0.7597254004576659,0.6923076923076923,0.9,0.782608695652174,0.875,0.6363636363636364,0.7368421052631579,0.8272727272727274,"[[9, 1], [4, 7]]"
E5,handcrafted,lr,writer,without vocabulary,0,82,21,81,19,0.7641339869281045,0.5552941176470588,0.9045454545454545,{'clf__C': 0.1},0.7619047619047619,0.7836538461538461,0.7681818181818182,0.7597254004576659,0.6923076923076923,0.9,0.782608695652174,0.875,0.6363636363636364,0.7368421052631579,0.7454545454545455,"[[9, 1], [4, 7]]"
E5,handcrafted,lr,writer,without vocabulary,1,82,21,81,19,0.753815676067998,0.5548308823529412,0.9481481481481482,{'clf__C': 0.01},0.7619047619047619,0.7636363636363637,0.7636363636363637,0.7619047619047619,0.7272727272727273,0.8,0.7619047619047619,0.8,0.7272727272727273,0.7619047619047619,0.8,"[[8, 2], [3, 8]]"
E5,handcrafted,lr,writer,without vocabulary,2,82,21,81,19,0.8047619047619048,0.3194444444444444,0.7597254004576659,{'clf__C': 1},0.5714285714285714,0.5694444444444444,0.5681818181818181,0.5675057208237986,0.5555555555555556,0.5,0.5263157894736842,0.5833333333333334,0.6363636363636364,0.6086956521739131,0.7363636363636363,"[[5, 5], [4, 7]]"
E5,handcrafted,lr,writer,without vocabulary,3,82,21,81,19,0.7719393506390411,0.4564705882352942,0.8558679306963058,{'clf__C': 0.01},0.6666666666666666,0.6826923076923077,0.6727272727272727,0.6636155606407322,0.6153846153846154,0.8,0.6956521739130435,0.75,0.5454545454545454,0.631578947368421,0.7454545454545455,"[[8, 2], [5, 6]]"
E5,handcrafted,lr,writer,without vocabulary,4,82,21,81,19,0.6990359949647875,0.5552941176470588,0.9053922287390022,{'clf__C': 0.1},0.7619047619047619,0.7836538461538461,0.7681818181818182,0.7597254004576659,0.6923076923076923,0.9,0.782608695652174,0.875,0.6363636363636364,0.7368421052631579,0.8636363636363635,"[[9, 1], [4, 7]]"
E5,handcrafted,lr,writer,without function_words,0,82,21,81,19,0.7648225957049486,0.42727272727272725,0.8558352402745995,{'clf__C': 0.1},0.6666666666666666,0.7166666666666667,0.6772727272727272,0.6541176470588235,0.6,0.9,0.72,0.8333333333333334,0.45454545454545453,0.5882352941176471,0.6818181818181819,"[[9, 1], [6, 5]]"
E5,handcrafted,lr,writer,without function_words,1,82,21,81,19,0.7296490094013315,0.5961538461538461,0.9519450800915332,{'clf__C': 0.1},0.8095238095238095,0.8221153846153846,0.8045454545454545,0.8055555555555556,0.875,0.7,0.7777777777777778,0.7692307692307693,0.9090909090909091,0.8333333333333334,0.7727272727272727,"[[7, 3], [1, 10]]"
E5,handcrafted,lr,writer,without function_words,2,82,21,81,19,0.7618627450980393,0.4951923076923077,0.9027777777777777,{'clf__C': 0.01},0.7142857142857143,0.7222222222222222,0.7181818181818183,0.7136363636363636,0.6666666666666666,0.8,0.7272727272727273,0.7777777777777778,0.6363636363636364,0.7,0.709090909090909,"[[8, 2], [4, 7]]"
E5,handcrafted,lr,writer,without function_words,3,82,21,81,19,0.7996316110789795,0.3571428571428571,0.7597254004576659,{'clf__C': 0.01},0.5714285714285714,0.6,0.5818181818181818,0.5552941176470588,0.5333333333333333,0.8,0.64,0.6666666666666666,0.36363636363636365,0.47058823529411764,0.6545454545454545,"[[8, 2], [7, 4]]"
E5,handcrafted,lr,writer,without function_words,4,82,21,81,19,0.7097992513162791,0.6785714285714286,1.0,{'clf__C': 0.01},0.8571428571428571,0.8846153846153846,0.8636363636363636,0.8558352402745995,0.7692307692307693,1.0,0.8695652173913043,1.0,0.7272727272727273,0.8421052631578947,0.8636363636363636,"[[10, 0], [3, 8]]"
E5,handcrafted,lr,writer,without pos,0,82,21,81,19,0.7894136075482825,0.38726790450928383,0.8090909090909091,{'clf__C': 0.01},0.6190476190476191,0.6428571428571428,0.6272727272727273,0.6111111111111112,0.5714285714285714,0.8,0.6666666666666666,0.7142857142857143,0.45454545454545453,0.5555555555555556,0.7454545454545455,"[[8, 2], [6, 5]]"
E5,handcrafted,lr,writer,without pos,1,82,21,81,19,0.7545396579684505,0.42727272727272725,0.8558352402745995,{'clf__C': 0.01},0.6666666666666666,0.6681818181818182,0.6681818181818182,0.6666666666666666,0.6363636363636364,0.7,0.6666666666666666,0.7,0.6363636363636364,0.6666666666666666,0.7636363636363637,"[[7, 3], [4, 7]]"
E5,handcrafted,lr,writer,without pos,2,82,21,81,19,0.7409827264239028,0.41666666666666663,0.8558352402745995,{'clf__C': 0.01},0.6666666666666666,0.6681818181818182,0.6681818181818182,0.6666666666666666,0.6363636363636364,0.7,0.6666666666666666,0.7,0.6363636363636364,0.6666666666666666,0.7545454545454545,"[[7, 3], [4, 7]]"
E5,handcrafted,lr,writer,without pos,3,82,21,81,19,0.7603063465602166,0.42727272727272725,0.8558352402745995,{'clf__C': 0.01},0.6666666666666666,0.6826923076923077,0.6727272727272727,0.6636155606407322,0.6153846153846154,0.8,0.6956521739130435,0.75,0.5454545454545454,0.631578947368421,0.6545454545454545,"[[8, 2], [5, 6]]"
E5,handcrafted,lr,writer,without pos,4,82,21,81,19,0.7121678630966556,0.4951923076923077,0.8571428571428571,{'clf__C': 0.1},0.7142857142857143,0.7222222222222222,0.7181818181818183,0.7136363636363636,0.6666666666666666,0.8,0.7272727272727273,0.7777777777777778,0.6363636363636364,0.7,0.8181818181818182,"[[8, 2], [4, 7]]"
E5,handcrafted,lr,writer,without punctuation,0,82,21,81,19,0.7758631873802152,0.41666666666666663,0.851764705882353,{'clf__C': 0.01},0.6666666666666666,0.7166666666666667,0.6772727272727272,0.6541176470588235,0.6,0.9,0.72,0.8333333333333334,0.45454545454545453,0.5882352941176471,0.6818181818181819,"[[9, 1], [6, 5]]"
E5,handcrafted,lr,writer,without punctuation,1,82,21,81,19,0.753815676067998,0.4951923076923077,0.9027777777777777,{'clf__C': 0.01},0.7142857142857143,0.7222222222222222,0.7181818181818183,0.7136363636363636,0.6666666666666666,0.8,0.7272727272727273,0.7777777777777778,0.6363636363636364,0.7,0.7909090909090908,"[[8, 2], [4, 7]]"
E5,handcrafted,lr,writer,without punctuation,2,82,21,81,19,0.8147197745494958,0.3194444444444444,0.7597254004576659,{'clf__C': 0.1},0.5714285714285714,0.5694444444444444,0.5681818181818181,0.5675057208237986,0.5555555555555556,0.5,0.5263157894736842,0.5833333333333334,0.6363636363636364,0.6086956521739131,0.7181818181818181,"[[5, 5], [4, 7]]"
E5,handcrafted,lr,writer,without punctuation,3,82,21,81,19,0.7604953560371517,0.42727272727272725,0.851764705882353,{'clf__C': 0.01},0.6666666666666666,0.7166666666666667,0.6772727272727272,0.6541176470588235,0.6,0.9,0.72,0.8333333333333334,0.45454545454545453,0.5882352941176471,0.7,"[[9, 1], [6, 5]]"
E5,handcrafted,lr,writer,without punctuation,4,82,21,81,19,0.7013275269622019,0.38095238095238093,0.8090909090909091,{'clf__C': 1},0.6190476190476191,0.625,0.6227272727272727,0.6181818181818182,0.5833333333333334,0.7,0.6363636363636364,0.6666666666666666,0.5454545454545454,0.6,0.7181818181818183,"[[7, 3], [5, 6]]"
